fund,metric,value,unit,reported,outcome,confidence,score,source_tier,basis,as_of,form,accession,locator,document_url,excerpt,transforms,flags,score_inputs
GBDC,net_return_1y_pct,8.722818253300858,pct,True,reported,Low,0.6412,derived,net_of_fees=True|reinvested=True|return_basis=nav_total_return,2025-12-31,10-Q,0001476765-26-000012,XBRL us-gaap:NetAssetValuePerShare [USD/shares] @ 2025-12-31 (derived trailing 1Y),https://www.sec.gov/Archives/edgar/data/1476765/000147676526000012/0001476765-26-000012-index.htm,us-gaap:NetAssetValuePerShare = 14.84 USD/shares,"chain-linked 4 NAV periods (2024-12-31..2025-12-31, 365d), annualized to 1Y",1_distribution_periods_derived,"tier=derived; tier_score=0.75; agreement_factor=0.9; agreement_reason=single source, uncorroborated; corroborating_sources=0; conflicting_sources=0; as_of=2025-12-31; age_days=0; freshness_factor=1.0; penalties=[{'flag': '1_distribution_periods_derived', 'rule': '_distribution_periods_derived', 'multiplier': 0.95}]; penalty_product=0.95; raw_score=0.6412; final_score=0.6412; confidence=Low"
GBDC,net_return_3y_pct,11.87610168634552,pct,True,reported,Low,0.6412,derived,net_of_fees=True|reinvested=True|return_basis=nav_total_return,2025-12-31,10-Q,0001476765-26-000012,XBRL us-gaap:NetAssetValuePerShare [USD/shares] @ 2025-12-31 (derived trailing 3Y),https://www.sec.gov/Archives/edgar/data/1476765/000147676526000012/0001476765-26-000012-index.htm,us-gaap:NetAssetValuePerShare = 14.84 USD/shares,"chain-linked 12 NAV periods (2022-12-31..2025-12-31, 1096d), annualized to 3Y",3_distribution_periods_derived,"tier=derived; tier_score=0.75; agreement_factor=0.9; agreement_reason=single source, uncorroborated; corroborating_sources=0; conflicting_sources=0; as_of=2025-12-31; age_days=0; freshness_factor=1.0; penalties=[{'flag': '3_distribution_periods_derived', 'rule': '_distribution_periods_derived', 'multiplier': 0.95}]; penalty_product=0.95; raw_score=0.6412; final_score=0.6412; confidence=Low"
GBDC,net_return_5y_pct,,pct,False,no_candidate,Suppressed,0.0,,,,,,,,,,,not annualized to 5Y: nearest usable anchor 2020-09-30 would overstate the window by 92d; contiguous quarterly history begins 2021-09-30
GBDC,management_fee_pct,0.0213,pct,False,rejected,,,xbrl,fee_basis=as_tagged,2025-03-28,424B2,0001104659-26-064557,XBRL cef:ManagementFeesPercent [pure] @ 2025-03-28 (cef fee-table tag),https://www.sec.gov/Archives/edgar/data/1476765/000110465926064557/0001104659-26-064557-index.htm,cef:ManagementFeesPercent = 0.000213 pure,pure fraction x 100,fee_table_from_424B2_not_fund_prospectus; implausibly_low_for_entity_type,
GBDC,management_fee_pct,1.0,pct,True,reported,Medium,0.726,text_pattern,fee_basis=stated_annual_rate,2025-09-30,10-K,0001476765-25-000096,prose pattern @ char 2937966,https://www.sec.gov/Archives/edgar/data/1476765/000147676525000096/gbdc-20250930.htm,"e rate was reduced from 1.375% to 1.0%. Under the Investment Advisory Agreement, the base management fee is calculated at an annual rate equal to 1.0% of our average adjusted gross assets at the end of the two most recently completed calend","staleness measured to 2025-12-11 (DEF 14A, no amendment disclosed)",,tier=text_pattern; tier_score=0.66; agreement_factor=1.1; agreement_reason=corroborated by 2 independent source(s); corroborating_sources=2; conflicting_sources=0; as_of=2025-09-30; age_days=92; freshness_factor=1.0; penalties=[]; penalty_product=1.0; raw_score=0.726; final_score=0.726; confidence=Medium
GBDC,management_fee_pct,1.0,pct,False,rejected,,,text_pattern,fee_basis=stated_annual_rate,2025-09-30,10-K,0001476765-25-000096,superseded-rate disclosure @ char 2937966 (current rate),https://www.sec.gov/Archives/edgar/data/1476765/000147676525000096/gbdc-20250930.htm,"of directors approved the Prior Investment Advisory Agreement, pursuant to which the base management fee rate was reduced from 1.375% to 1.0%. Under the Investment Advisory Agreement, the base management fee is calculated at an ann","read as the current rate in ""reduced from 1.375% to 1.0%""; staleness measured to 2025-12-11 (DEF 14A, no amendment disclosed)",,
GBDC,management_fee_pct,1.375,pct,False,rejected,,,text_pattern,fee_basis=stated_annual_rate,2025-09-30,10-K,0001476765-25-000096,superseded-rate disclosure @ char 2937966 (superseded rate),https://www.sec.gov/Archives/edgar/data/1476765/000147676525000096/gbdc-20250930.htm,"of directors approved the Prior Investment Advisory Agreement, pursuant to which the base management fee rate was reduced from 1.375% to 1.0%. Under the Investment Advisory Agreement, the base management fee is calculated at an ann","read as the superseded rate in ""reduced from 1.375% to 1.0%""; staleness measured to 2025-12-11 (DEF 14A, no amendment disclosed)",superseded_rate,
GBDC,management_fee_pct,1.0,pct,False,rejected,,,text_pattern,fee_basis=stated_annual_rate,2025-09-23,424B2,0001104659-25-092560,prose pattern @ char 850571,https://www.sec.gov/Archives/edgar/data/1476765/000110465925092560/gbdc-20250920x424b2.htm,"24, employed as the denominator for expense ratio computation was $4,024 million. (5) Our management fee is calculated at an annual rate equal to 1.0% and is based on the average adjusted gross assets (including assets purchased with borrow","staleness measured to 2025-12-11 (DEF 14A, no amendment disclosed)",,
GBDC,incentive_fee_pct,0.0178,pct,False,rejected,,,xbrl,fee_basis=as_tagged,2025-03-28,424B2,0001104659-26-064557,XBRL cef:IncentiveFeesPercent [pure] @ 2025-03-28 (cef fee-table tag),https://www.sec.gov/Archives/edgar/data/1476765/000110465926064557/0001104659-26-064557-index.htm,cef:IncentiveFeesPercent = 0.000178 pure,pure fraction x 100,fee_table_from_424B2_not_fund_prospectus; implausibly_low_for_entity_type,
GBDC,incentive_fee_pct,15.0,pct,True,reported,Medium,0.726,text_pattern,fee_basis=stated_rate,2025-09-30,10-K,0001476765-25-000096,prose pattern @ char 2942536,https://www.sec.gov/Archives/edgar/data/1476765/000147676525000096/gbdc-20250930.htm,"ee for any quarter can only be paid to GC Advisors if, after such payment, the cumulative incentive fees paid to GC Advisors, calculated on a per share basis as described below, since April 13, 2010, the effective date of our election to become a business development company, would be less than or equal to 15.0% of our Cumulative Pre-Incentive Fee Net Income (as defined below). Under the Prior Inv","staleness measured to 2025-12-11 (DEF 14A, no amendment disclosed)",,tier=text_pattern; tier_score=0.66; agreement_factor=1.1; agreement_reason=corroborated by 1 independent source(s); corroborating_sources=1; conflicting_sources=0; as_of=2025-09-30; age_days=92; freshness_factor=1.0; penalties=[]; penalty_product=1.0; raw_score=0.726; final_score=0.726; confidence=Medium; conflict_spread_pct=25.0
GBDC,incentive_fee_pct,15.0,pct,False,rejected,,,text_pattern,fee_basis=stated_rate,2025-09-30,10-K,0001476765-25-000096,superseded-rate disclosure @ char 2938332 (current rate),https://www.sec.gov/Archives/edgar/data/1476765/000147676525000096/gbdc-20250930.htm,"centive fee rates and the incentive fee cap. Under the Investment Advisory Agreement, the incentive fee rates were reduced from 20.0% to 15.0% and the incentive fee cap was reduced from 20.0% to 15.0%. None of the other material ter","read as the current rate in ""reduced from 20.0% to 15.0%""; staleness measured to 2025-12-11 (DEF 14A, no amendment disclosed)",,
GBDC,incentive_fee_pct,20.0,pct,False,rejected,,,text_pattern,fee_basis=stated_rate,2025-09-30,10-K,0001476765-25-000096,superseded-rate disclosure @ char 2938332 (superseded rate),https://www.sec.gov/Archives/edgar/data/1476765/000147676525000096/gbdc-20250930.htm,"centive fee rates and the incentive fee cap. Under the Investment Advisory Agreement, the incentive fee rates were reduced from 20.0% to 15.0% and the incentive fee cap was reduced from 20.0% to 15.0%. None of the other material ter","read as the superseded rate in ""reduced from 20.0% to 15.0%""; staleness measured to 2025-12-11 (DEF 14A, no amendment disclosed)",superseded_rate,
GBDC,incentive_hurdle_pct,8.0,pct,True,reported,Low,0.594,text_pattern,hurdle_basis=annualized,2025-09-30,10-K,0001476765-25-000096,prose pattern @ char 2951697 [converted from a quarterly rate],https://www.sec.gov/Archives/edgar/data/1476765/000147676525000096/gbdc-20250930.htm,"period) at the end of the immediately preceding calendar quarter, is compared to a fixed “hurdle rate” of 2.0% quarterly, which is the same hurdle rate under the Prior Investment Advisory Agreement. I","stated quarterly; x4 to annualize; staleness measured to 2025-12-11 (DEF 14A, no amendment disclosed)",,"tier=text_pattern; tier_score=0.66; agreement_factor=0.9; agreement_reason=single source, uncorroborated; corroborating_sources=0; conflicting_sources=0; as_of=2025-09-30; age_days=92; freshness_factor=1.0; penalties=[]; penalty_product=1.0; raw_score=0.594; final_score=0.594; confidence=Low"
GBDC,nav_per_share_usd,14.84,usd,True,reported,High,1.0,xbrl,class=common|measure=nav_per_share,2025-12-31,10-Q,0001476765-26-000012,XBRL us-gaap:NetAssetValuePerShare [USD/shares] @ 2025-12-31,https://www.sec.gov/Archives/edgar/data/1476765/000147676526000012/0001476765-26-000012-index.htm,us-gaap:NetAssetValuePerShare = 14.84 USD/shares,,,tier=xbrl; tier_score=0.95; agreement_factor=1.1; agreement_reason=corroborated by 1 independent source(s); corroborating_sources=1; conflicting_sources=0; as_of=2025-12-31; age_days=0; freshness_factor=1.0; penalties=[]; penalty_product=1.0; raw_score=1.045; final_score=1.0; confidence=High
GBDC,nav_per_share_usd,14.841988689665579,usd,False,rejected,,,derived,class=common|measure=nav_per_share,2025-12-31,10-Q,0001476765-26-000033,XBRL us-gaap:StockholdersEquity [USD] @ 2025-12-31 (derived from equity / shares outstanding),https://www.sec.gov/Archives/edgar/data/1476765/000147676526000033/0001476765-26-000033-index.htm,us-gaap:StockholdersEquity = 3.90915e+09 USD,us-gaap:StockholdersEquity / us-gaap:CommonStockSharesOutstanding,,
GBDC,leverage_ratio_dte,1.2542550127214225,ratio,True,reported,Medium,0.675,derived,leverage_basis=gross_debt_to_equity,2025-12-31,10-Q,0001476765-26-000012,XBRL us-gaap:DebtInstrumentCarryingAmount [USD] @ 2025-12-31 (regulatory-style: borrowings / net assets),https://www.sec.gov/Archives/edgar/data/1476765/000147676526000012/0001476765-26-000012-index.htm,us-gaap:DebtInstrumentCarryingAmount = 4.90308e+09 USD,us-gaap:DebtInstrumentCarryingAmount / us-gaap:StockholdersEquity,,"tier=derived; tier_score=0.75; agreement_factor=0.9; agreement_reason=single source, uncorroborated; corroborating_sources=0; conflicting_sources=0; as_of=2025-12-31; age_days=0; freshness_factor=1.0; penalties=[]; penalty_product=1.0; raw_score=0.675; final_score=0.675; confidence=Medium"
GBDC,leverage_ratio_dte,1.2751636287544568,ratio,False,rejected,,,derived,leverage_basis=total_liabilities_to_equity,2025-12-31,10-Q,0001476765-26-000012,XBRL us-gaap:Liabilities [USD] @ 2025-12-31 (economic: total liabilities / net assets),https://www.sec.gov/Archives/edgar/data/1476765/000147676526000012/0001476765-26-000012-index.htm,us-gaap:Liabilities = 4.98481e+09 USD,us-gaap:Liabilities / us-gaap:StockholdersEquity,,
GBDC,leverage_ratio_dte,1.2751636287544568,ratio,False,rejected,,,derived,leverage_basis=total_liabilities_to_equity,2025-12-31,10-Q,0001476765-26-000012,"XBRL us-gaap:Assets [USD] @ 2025-12-31 (economic, via assets minus equity (consistency probe))",https://www.sec.gov/Archives/edgar/data/1476765/000147676526000012/0001476765-26-000012-index.htm,us-gaap:Assets = 8.89396e+09 USD,(us-gaap:Assets - us-gaap:StockholdersEquity) / us-gaap:StockholdersEquity,,
GBDC,distribution_yield_pct,10.433574065393179,pct,True,reported,Medium,0.675,derived,denominator=nav|yield_basis=current_quarter_annualized,2025-12-31,10-Q,0001476765-26-000012,XBRL us-gaap:CommonStockDividendsPerShareDeclared [USD/shares] @ 2025-10-01..2025-12-31 (run-rate annualized),https://www.sec.gov/Archives/edgar/data/1476765/000147676526000012/0001476765-26-000012-index.htm,us-gaap:CommonStockDividendsPerShareDeclared = 0.39 USD/shares,"DPS 0.3900 (2025-10-01..2025-12-31, tagged) x 3.970 / NAV 14.8400",,"tier=derived; tier_score=0.75; agreement_factor=0.9; agreement_reason=single source, uncorroborated; corroborating_sources=0; conflicting_sources=0; as_of=2025-12-31; age_days=0; freshness_factor=1.0; penalties=[]; penalty_product=1.0; raw_score=0.675; final_score=0.675; confidence=Medium"
GBDC,distribution_yield_pct,10.512129380053908,pct,False,rejected,,,derived,denominator=nav|yield_basis=trailing_12m,2025-12-31,10-Q,0001476765-26-000012,XBRL us-gaap:CommonStockDividendsPerShareDeclared [USD/shares] @ 2025-10-01..2025-12-31 (trailing twelve months),https://www.sec.gov/Archives/edgar/data/1476765/000147676526000012/0001476765-26-000012-index.htm,us-gaap:CommonStockDividendsPerShareDeclared = 0.39 USD/shares,sum of 4 distribution periods (2025-01-01..2025-12-31) = 1.5600 / NAV 14.8400,,
