fund,metric,status,owner,detail,confidence
GBDC,net_return_1y_pct,FILLED,-,8.723 pct,Low
GBDC,net_return_3y_pct,FILLED,-,11.88 pct,Low
GBDC,net_return_5y_pct,window_mismatch,STRUCTURAL,filer's tagged history does not span the labelled window,
GBDC,management_fee_pct,FILLED,-,1 pct,Medium
GBDC,incentive_fee_pct,FILLED,-,15 pct,Medium
GBDC,incentive_hurdle_pct,FILLED,-,8 pct,Low
GBDC,nav_per_share_usd,FILLED,-,14.84 usd,High
GBDC,leverage_ratio_dte,FILLED,-,1.254 ratio,Medium
GBDC,distribution_yield_pct,FILLED,-,10.43 pct,Medium
